{
    "f_x" : 6.3738270040087252e+02,
    "f_y" : 6.3738270040087252e+02,
    "c_x" : 3.1950000000000000e+02,
    "c_y" : 2.3950000000000000e+02
}
